{
  "project_info": {
    "project_number": "633144207842",
    "project_id": "flutter-auth-app-aee80",
    "storage_bucket": "flutter-auth-app-aee80.firebasestorage.app"
  },
  "client": [
    {
      "client_info": {
        "mobilesdk_app_id": "1:633144207842:android:0e294227d3a782cc7d71bb",
        "android_client_info": {
          "package_name": "com.example.authapp"
        }
      },
      "oauth_client": [],
      "api_key": [
        {
          "current_key": "AIzaSyB_KKJZoSHkqP2ACO6f-SZq1OTfG2mzLSM"
        }
      ],
      "services": {
        "appinvite_service": {
          "other_platform_oauth_client": []
        }
      }
    }
  ],
  "configuration_version": "1"
}